issn,title,rating
1557-7341,ACM Computing Surveys,A
1532-0936,ACM SIGMIS Database: The DATA BASE for Advances in Information Systems,B
1557-7325,ACM Transactions on Computer-Human Interaction,B
2573-9522,ACM Transactions on Human-Robot Interaction,B
1558-2868,ACM Transactions on Information Systems,B
2160-6463,ACM Transactions on Interactive Intelligent Systems,B
2158-6578,ACM Transactions on Management Information Systems,B
1557-7392,ACM Transactions on Software Engineering and Methodology,B
1435-5655,"AI & Society: Knowledge, Culture and Communication",C
1867-7134,AIS Transaction on Enterprise Systems,C
1944-3900,AIS Transactions on Human-Computer Interaction,B
2473-3458,AIS Transactions on Replication Research,C
1941-6067,Academy of Management Annals,A
2168-1007,Academy of Management Discoveries,B
1948-0989,Academy of Management Journal,A+
1944-9585,Academy of Management Learning & Education,B
1943-4529,Academy of Management Perspectives,B
1930-3807,Academy of Management Review,A+
1930-3815,Administrative Science Quarterly,A+
0742-3322,Advances in Strategic Management,B
2332-2381,Africa Journal of Management,C
1572-9338,Annals of Operations Research,B
1872-9118,Applied Energy,B
1872-7921,Artificial Intelligence,B
1743-792X,Asia Pacific Business Review,C
1572-9958,Asia Pacific Journal of Management,C
1476-9328,Asian Business & Management,C
1326-2238,Australian Journal of Information Systems,C
1327-2020,Australian Journal of Management,C
1362-3001,Behaviour & Information Technology,B
0340-5370,Betriebswirtschaftliche Forschung und Praxis : BFuP,C
1467-8551,British Journal of Management,B
1867-0202,Business & Information Systems Engineering,B
1552-4205,Business & Society,B
2153-3326,Business Ethics Quarterly,B
2694-6424,"Business Ethics, the Environment & Responsibility",C
1873-6068,Business Horizons,C
1758-4116,Business Process Management Journal,C
2340-9444,Business Research Quarterly,C
1099-0836,Business Strategy and the Environment,B
2162-8564,California Management Review,B
1936-4490,Canadian Journal of Administrative Sciences,C
1557-7317,Communications of the ACM,B
1529-3181,Communications of the Association for Information Systems,B
1558-0814,Computer,B
1872-7069,Computer Networks,C
1573-7551,Computer Supported Cooperative Work,B
1873-782X,Computers & Education,B
1873-765X,Computers & Operations Research,B
1872-6208,Computers & Security,B
1873-7692,Computers in Human Behavior,B
1872-6194,Computers in Industry,B
1467-8683,Corporate Governance: An International Review,B
1758-6054,Corporate Governance: The International Journal of Business in Society,C
1758-6062,Critical Perspectives on International Business,C
2059-5808,Cross Cultural & Strategic Management,C
1872-6933,Data & Knowledge Engineering,B
1862-2607,Datenschutz und Datensicherheit,D
1540-5915,Decision Sciences,B
1873-5797,Decision Support Systems,B
2942-318X,Die Unternehmung - Swiss Journal of Business Research and Practice,C
2666-9544,Digital Business,C
1873-7374,Economics Letters,B
1750-6204,Economy - JEC,C
1572-9362,Electronic Commerce Research,C
1873-7846,Electronic Commerce Research and Applications,C
1422-8890,Electronic Markets : EM,B
1873-6785,Energy,B
2520-8942,Energy Informatics,C
1866-3621,Enterprise Modelling and Information Systems Architectures,C
2353-8821,Entrepreneurial Business and Economics Review: EBER,D
2157-5665,Entrepreneurship Research Journal,C
1540-6520,Entrepreneurship Theory and Practice,A
1464-5114,Entrepreneurship and Regional Development,B
2147-4281,Eurasian Business Review,D
1758-7107,European Business Review,B
1476-9344,European Journal of Information Systems,A
1758-7115,European Journal of Innovation Management,C
1751-6765,European Journal of International Management,B
1872-6860,European Journal of Operational Research,A
1873-5681,European Management Journal,B
1740-4762,European Management Review,B
1873-6793,Expert Systems with Applications,B
1741-6248,Family Business Review,B
2624-8212,Frontiers in Artificial Intelligence,C
1468-0432,"Gender, Work & Organization",C
0974-0198,Global Journal of Flexible Systems Management,D
2042-5805,Global Strategy Journal,A
1872-9517,Government Information Quarterly,B
1552-3993,Group & Organization Management,B
1572-9907,Group Decision and Negotiation,B
2198-2775,HMD : Praxis der Wirtschaftsinformatik,C
0017-8012,Harvard Business Review,B
1572-9389,Health Care Management Science,A
1741-282X,Human Relations,B
1532-7051,Human-Computer Interaction,B
2169-3536,IEEE Access,B
1937-4178,IEEE Engineering Management Review,B
1941-0131,IEEE Internet Computing,B
1937-4194,IEEE Software,B
1558-0040,IEEE Transactions on Engineering Management,B
2168-2305,IEEE Transactions on Human-Machine Systems,B
1558-2191,IEEE Transactions on Knowledge and Data Engineering,B
1939-3520,IEEE Transactions on Software Engineering,B
2168-2232,"IEEE Transactions on Systems, Man, and Cybernetics: Systems",B
2644-0873,INFORMS Journal on Applied Analytics,B
1526-5528,INFORMS Journal on Computing,A
2694-4030,INFORMS Journal on Data Science,B
0263-5577,Industrial Management & Data Systems,C
1873-2062,Industrial Marketing Management,B
1464-3650,Industrial and Corporate Change,B
1469-8390,Industry and Innovation,B
1432-122X,Informatik Spektrum,D
1872-7530,Information & Management,B
1533-7979,Information Resources Management Journal,C
1872-6291,Information Sciences,C
1873-6076,Information Systems,B
1572-9419,Information Systems Frontiers,B
1365-2575,Information Systems Journal,A
1934-8703,Information Systems Management,B
1526-5536,Information Systems Research,A+
1617-9854,Information Systems and e-Business Management,C
1758-5813,Information Technology & People,B
1573-7667,Information Technology and Management,B
1873-7919,Information and Organization,B
1873-6025,Information and Software Technology,B
2204-0226,Innovation: Organization & Management,C
1873-6149,International Business Review,B
1873-4723,International Journal of Accounting Information Systems,B
1741-5012,International Journal of Automotive Technology and Management : IJATM,D
1758-5937,International Journal of Bank Marketing,D
1740-0597,International Journal of Business Environment,D
1741-802X,International Journal of Business Governance and Ethics,D
1741-5063,International Journal of Electronic Business,C
1557-9301,International Journal of Electronic Commerce,B
1758-6534,International Journal of Entrepreneurial Behaviour and Research,B
1742-5379,International Journal of Entrepreneurial Venturing,C
1741-8054,International Journal of Entrepreneurship and Small Business,C
1095-9300,International Journal of Human Computer Studies,B
1466-4399,International Journal of Human Resource Management,B
1873-4707,International Journal of Information Management,B
1757-5877,International Journal of Innovation Management,B
1793-6950,International Journal of Innovation and Technology Management,C
1548-0658,International Journal of Knowledge Management,C
1740-2883,International Journal of Learning and Change: IJLC,D
1479-4861,International Journal of Learning and Intellectual Capital,D
1468-2370,International Journal of Management Reviews,B
1873-4634,International Journal of Project Management,C
1741-5276,International Journal of Technology Management,C
1741-8798,International Journal of Technology Marketing,D
2009-2822,International Review of Entrepreneurship,D
1741-2870,International Small Business Journal,B
1558-0911,International Studies of Management and Organization,C
2054-5657,Internet Research,B
1839-5473,Journal of Accounting & Organizational Change,C
2573-2358,Journal of Business Analytics,C
1861-8928,Journal of Business Economics,B
2029-4433,Journal of Business Economics and Management,D
1573-0697,Journal of Business Ethics,B
1873-7978,Journal of Business Research,B
1873-2003,Journal of Business Venturing,A
2667-2774,Journal of Business Venturing Design,B
2352-6734,Journal of Business Venturing Insights,B
1879-1786,Journal of Cleaner Production,B
2510-4357,"Journal of Competences, Strategy & Management",D
1083-6101,Journal of Computer-Mediated Communication,C
2116-7052,Journal of Decision Systems,B
2773-0670,Journal of Digital Economy,D
1872-7719,Journal of Economic Psychology,B
1530-9134,Journal of Economics and Management Strategy,B
1938-9027,Journal of Electronic Commerce Research,C
1758-7409,Journal of Enterprise Information Management,C
2299-7326,Journal of Entrepreneurship Management and Innovation: JEMI,D
1096-0465,Journal of Experimental Social Psychology,A
1877-8593,Journal of Family Business Strategy,B
1879-1638,Journal of High Technology Management Research,C
1558-7959,Journal of Information Systems,C
2574-3872,Journal of Information Systems Education,C
1466-4437,Journal of Information Technology,A
2043-8869,Journal of Information Technology Teaching Cases,C
1758-7468,Journal of Intellectual Capital,C
1520-6653,Journal of Interactive Marketing,B
1478-6990,Journal of International Business Studies,A
1873-0620,Journal of International Management,B
1758-7484,Journal of Knowledge Management,C
1557-1211,Journal of Management,A
1839-3527,Journal of Management & Organization,B
1552-6658,Journal of Management Education,C
1557-928X,Journal of Management Information Systems,A
1552-6542,Journal of Management Inquiry,B
1467-6486,Journal of Management Studies,A
1572-963X,Journal of Management and Governance,C
1438-8871,Journal of Medical Internet Research,B
1873-1317,Journal of Operations Management,A
2245-408X,Journal of Organization Design,B
1540-8604,Journal of Organizational Behavior Management,C
1758-7816,Journal of Organizational Change Management,B
1540-5885,Journal of Product Innovation Management,A
1757-5826,Journal of Service Management,B
2942-3392,Journal of Service Management Research,C
1552-7379,Journal of Service Research,A
1540-627X,Journal of Small Business Management,B
1758-7840,Journal of Small Business and Enterprise Development,C
1873-1228,Journal of Systems and Software,B
1552-6763,Journal of Travel Research,B
1878-5573,Journal of World Business,B
1557-735X,Journal of the ACM,B
2330-1643,Journal of the Association for Information Science and Technology,C
1536-9323,Journal of the Association for Information Systems,A
2942-1861,Junior Management Science,D
1610-1987,KI - Künstliche Intelligenz,C
1477-8246,Knowledge Management Research & Practice,C
1742-7169,Leadership,C
2057-1615,London Business School Review,D
1873-1872,Long Range Planning,B
1540-1979,MIS Quarterly Executive,B
2162-9730,MIS quarterly / Management Information Systems Research Center (MISRC),A+
1532-8937,MIT Sloan Management Review,B
1758-6070,Management Decision,B
1861-8901,Management International Review,B
1461-7307,Management Learning,B
2198-1639,Management Review Quarterly,B
1861-9908,Management Revue : Socio-Economic Studies,C
1526-5501,Management Science,A+
1740-8784,Management and Organization Review,C
1526-5498,Manufacturing & Service Operations Management,A
2831-8005,McKinsey Quarterly,D
2054-1686,Multinational Business Review,C
1476-4687,Nature,A+
2041-1723,Nature Communications,A
2058-7546,Nature Energy,A
2397-3374,Nature Human Behaviour,A
2522-5839,Nature Machine Intelligence,A
2398-9629,Nature Sustainability,A
1436-6304,OR Spectrum,A
1873-5274,Omega,B
1526-5463,Operations Research,A+
1872-7468,Operations Research Letters,B
1461-7323,Organization,B
1552-7417,Organization & Environment,B
1526-5455,Organization Science,A+
1741-3044,Organization Studies,A
2631-7877,Organization Theory,B
1873-3530,Organizational Dynamics,B
1552-7425,Organizational Research Methods,A
1932-6203,PLoS One,B
1943-7544,Pacific Asia Journal of the Association for Information Systems,C
1937-5956,Production and Operations Management,A
1938-9507,Project Management Journal,C
1467-9310,R&D Management,B
1873-7625,Research Policy,A
1930-0166,Research Technology Management,C
2468-1741,Research in Organizational Behavior,B
0733-558X,Research in the Sociology of Organizations,B
1863-6691,Review of Managerial Science,B
1095-7111,SIAM Journal on Computing,A
1901-0990,Scandinavian Journal of Information Systems,B
1873-3387,Scandinavian Journal of Management,B
2366-6153,Schmalenbach Journal of Business Research,B
1095-9203,Science,A+
2164-3970,Service Science,B
1573-0913,Small Business Economics,B
1619-1374,Software and Systems Modeling,B
1099-1697,Strategic Change,B
1932-443X,Strategic Entrepreneurship Journal,A
1097-0266,Strategic Management Journal,A+
2688-2639,Strategic Management Review: SMR,B
1741-315X,Strategic Organization,B
2333-2077,Strategy Science,B
1873-5509,Technological Forecasting and Social Change,B
1465-3990,Technology Analysis & Strategic Management,C
1879-3274,Technology in Society: An International Journal,C
1879-2383,Technovation,B
2043-6882,The International Journal of Entrepreneurship and Innovation,C
2352-3565,The International Journal of Management Education,C
1552-6879,The Journal of Applied Behavioral Science,C
1873-1198,The Journal of Strategic Information Systems,A
1573-7047,The Journal of Technology Transfer,B
1873-3409,The Leadership Quarterly,A
1520-6874,Thunderbird International Business Review,C
1879-3193,Tourism Management,B
1526-5447,Transportation Science,A
1464-5343,Venture Capital,C
1573-7888,Voluntas: International Journal of Voluntary and Nonprofit Organizations,B
1867-5913,Wirtschaftsinformatik und Management,D
1528-8234,e-Service Journal,D
2196-6826,i-com: Journal of Interactive Media,D
2196-7032,it - Information Technology (früher: it+ti - Informationstechnik und Technische Informatik),D
